"year","name","percent","sex"
1880,"Ryan",0.00277,"boy"
1880,"Leon",0.002677,"boy"
1880,"Robyn",0.002618,"boy"
1880,"Syed",0.00261,"boy"
1880,"Katrina",0.00261,"boy"
1880,"Freddy",0.002576,"boy"
1880,"Charley",0.002576,"boy"
1880,"Paul",0.002542,"boy"
1880,"Edgar",0.00239,"boy"
1880,"Isaac",0.002314,"boy"
1880,"Otto",0.002289,"boy"
1880,"Luther",0.002196,"boy"
1880,"Lawrence",0.00217,"boy"
1880,"Ira",0.002103,"boy"
1880,"Patrick",0.002094,"boy"
1880,"Guy",0.002018,"boy"
1880,"Oliver",0.001976,"boy"
1880,"Theodore",0.001959,"boy"
1880,"Hugh",0.001892,"boy"
1880,"Clyde",0.001866,"boy"
1880,"Alexander",0.001782,"boy"
1880,"August",0.001774,"boy"
1880,"Floyd",0.00174,"boy"
1880,"Homer",0.001731,"boy"
1880,"Jack",0.001723,"boy"
1880,"Leonard",0.001689,"boy"
1880,"Horace",0.001681,"boy"
1880,"Smith",0.000127,"boy"
1880,"Squire",0.000127,"boy"
1880,"Tobe",0.000127,"boy"
1880,"Tommie",0.000127,"boy"
1880,"Wyatt",0.000127,"boy"
1880,"Alford",0.000118,"boy"
1880,"Alma",0.000118,"boy"
1880,"Alton",0.000118,"boy"
1880,"Andres",0.000118,"boy"
1880,"Burl",0.000118,"boy"
1880,"Cicero",0.000118,"boy"
1880,"Dean",0.000118,"boy"
1880,"Dorsey",0.000118,"boy"
1880,"Enos",0.000118,"boy"
1880,"Howell",0.000118,"boy"
1880,"Lou",0.000118,"boy"
1880,"Loyd",0.000118,"boy"
1880,"Mahlon",0.000118,"boy"
1880,"Nat",0.000118,"boy"
1880,"Omar",0.000118,"boy"
1880,"Oran",0.000118,"boy"
1880,"Parker",0.000118,"boy"
1880,"Raleigh",0.000118,"boy"
1880,"Reginald",0.000118,"boy"
1880,"Rubin",0.000118,"boy"
1880,"Seymour",0.000118,"boy"
1880,"Wm",0.000118,"boy"
1880,"Young",0.000118,"boy"
1880,"Benjamine",0.00011,"boy"
1880,"Carey",0.00011,"boy"
1880,"Carlton",0.00011,"boy"
1880,"Eldridge",0.00011,"boy"
1880,"Elzie",0.00011,"boy"
1880,"Garrett",0.00011,"boy"
1880,"Isham",0.00011,"boy"
1880,"Johnson",0.00011,"boy"
1880,"Larry",0.00011,"boy"
1880,"Logan",0.00011,"boy"
1880,"Merrill",0.00011,"boy"
1880,"Mont",0.00011,"boy"
1880,"Oren",0.00011,"boy"
1880,"Pierre",0.00011,"boy"
1880,"Rex",0.00011,"boy"
1880,"Rodney",0.00011,"boy"
1880,"Ted",0.00011,"boy"
1880,"Webster",0.00011,"boy"
1880,"West",0.00011,"boy"
1880,"Wheeler",0.00011,"boy"
1880,"Willam",0.00011,"boy"
1880,"Al",0.000101,"boy"
1880,"Aloysius",0.000101,"boy"
1880,"Alvie",0.000101,"boy"
1880,"Anna",0.000101,"boy"
1880,"Art",0.000101,"boy"
1880,"Augustine",0.000101,"boy"
1880,"Bailey",0.000101,"boy"
1880,"Benjaman",0.000101,"boy"
1880,"Beverly",0.000101,"boy"
1880,"Bishop",0.000101,"boy"
1880,"Clair",0.000101,"boy"
1880,"Cloyd",0.000101,"boy"
1880,"Coleman",0.000101,"boy"
1880,"Dana",0.000101,"boy"
1880,"Duncan",0.000101,"boy"
1880,"Dwight",0.000101,"boy"
1880,"Emile",0.000101,"boy"
1880,"Evert",0.000101,"boy"
1880,"Henderson",0.000101,"boy"
1880,"Hunter",0.000101,"boy"
1880,"Jean",0.000101,"boy"
1880,"Lem",0.000101,"boy"
1880,"Luis",0.000101,"boy"
1880,"Mathias",0.000101,"boy"
1880,"Maynard",0.000101,"boy"
1880,"Miguel",0.000101,"boy"
1880,"Mortimer",0.000101,"boy"
1880,"Nels",0.000101,"boy"
1880,"Norris",0.000101,"boy"
1880,"Pat",0.000101,"boy"
1880,"Phil",0.000101,"boy"
1880,"Rush",0.000101,"boy"
1880,"Santiago",0.000101,"boy"
1880,"Sol",0.000101,"boy"
1880,"Sydney",0.000101,"boy"
1880,"Thaddeus",0.000101,"boy"
1880,"Thornton",0.000101,"boy"
1880,"Tim",0.000101,"boy"
1880,"Travis",0.000101,"boy"
1880,"Truman",0.000101,"boy"
1880,"Watson",0.000101,"boy"
1880,"Webb",0.000101,"boy"
1880,"Wellington",0.000101,"boy"
1880,"Winfred",0.000101,"boy"
1880,"Wylie",0.000101,"boy"
1880,"Alec",9.3e-05,"boy"
1880,"Basil",9.3e-05,"boy"
1880,"Baxter",9.3e-05,"boy"
1880,"Bertrand",9.3e-05,"boy"
1880,"Buford",9.3e-05,"boy"
1880,"Burr",9.3e-05,"boy"
1880,"Cleveland",9.3e-05,"boy"
1880,"Colonel",9.3e-05,"boy"
1880,"Dempsey",9.3e-05,"boy"
1880,"Early",9.3e-05,"boy"
1880,"Ellsworth",9.3e-05,"boy"
1880,"Fate",9.3e-05,"boy"
1880,"Finley",9.3e-05,"boy"
1880,"Gabe",9.3e-05,"boy"
1880,"Garland",9.3e-05,"boy"
1880,"Gerald",9.3e-05,"boy"
1880,"Herschel",9.3e-05,"boy"
1880,"Hezekiah",9.3e-05,"boy"
1880,"Justus",9.3e-05,"boy"
1880,"Lindsey",9.3e-05,"boy"
1880,"Marcellus",9.3e-05,"boy"
1880,"Olaf",9.3e-05,"boy"
1880,"Olin",9.3e-05,"boy"
1880,"Pablo",9.3e-05,"boy"
1880,"Rolland",9.3e-05,"boy"
1880,"Turner",9.3e-05,"boy"
1880,"Verne",9.3e-05,"boy"
1880,"Volney",9.3e-05,"boy"
1880,"Williams",9.3e-05,"boy"
1880,"Almon",8.4e-05,"boy"
1880,"Alois",8.4e-05,"boy"
1880,"Alonza",8.4e-05,"boy"
1880,"Anson",8.4e-05,"boy"
1880,"Authur",8.4e-05,"boy"
1880,"Benton",8.4e-05,"boy"
1880,"Billie",8.4e-05,"boy"
1880,"Cornelious",8.4e-05,"boy"
1880,"Darius",8.4e-05,"boy"
1880,"Denis",8.4e-05,"boy"
1880,"Dillard",8.4e-05,"boy"
1880,"Doctor",8.4e-05,"boy"
1880,"Elvin",8.4e-05,"boy"
1880,"Emma",8.4e-05,"boy"
1880,"Eric",8.4e-05,"boy"
1880,"Evans",8.4e-05,"boy"
1880,"Gideon",8.4e-05,"boy"
1880,"Haywood",8.4e-05,"boy"
1880,"Hilliard",8.4e-05,"boy"
1880,"Hosea",8.4e-05,"boy"
1880,"Lincoln",8.4e-05,"boy"
1880,"Lonzo",8.4e-05,"boy"
1880,"Lucious",8.4e-05,"boy"
1880,"Lum",8.4e-05,"boy"
1880,"Malachi",8.4e-05,"boy"
1880,"Newt",8.4e-05,"boy"
1880,"Noel",8.4e-05,"boy"
1880,"Orie",8.4e-05,"boy"
1880,"Palmer",8.4e-05,"boy"
1880,"Pinkney",8.4e-05,"boy"
1880,"Shirley",8.4e-05,"boy"
1880,"Sumner",8.4e-05,"boy"
1880,"Terry",8.4e-05,"boy"
1880,"Urban",8.4e-05,"boy"
1880,"Uriah",8.4e-05,"boy"
1880,"Valentine",8.4e-05,"boy"
1880,"Waldo",8.4e-05,"boy"
1880,"Warner",8.4e-05,"boy"
1880,"Wong",8.4e-05,"boy"
1880,"Zeb",8.4e-05,"boy"
1880,"Abel",7.6e-05,"boy"
1880,"Alden",7.6e-05,"boy"
1880,"Archer",7.6e-05,"boy"
1880,"Avery",7.6e-05,"boy"
1880,"Carson",7.6e-05,"boy"
1880,"Cullen",7.6e-05,"boy"
1880,"Doc",7.6e-05,"boy"
1880,"Eben",7.6e-05,"boy"
1880,"Elige",7.6e-05,"boy"
1880,"Elizabeth",7.6e-05,"boy"
1880,"Elmore",7.6e-05,"boy"
1880,"Ernst",7.6e-05,"boy"
1880,"Finis",7.6e-05,"boy"
1880,"Freddie",7.6e-05,"boy"
1880,"Godfrey",7.6e-05,"boy"
1880,"Guss",7.6e-05,"boy"
1880,"Hamp",7.6e-05,"boy"
1880,"Hermann",7.6e-05,"boy"
1880,"Isadore",7.6e-05,"boy"
1880,"Isreal",7.6e-05,"boy"
1880,"Jones",7.6e-05,"boy"
1880,"June",7.6e-05,"boy"
1880,"Lacy",7.6e-05,"boy"
1880,"Lafe",7.6e-05,"boy"
1880,"Leland",7.6e-05,"boy"
1880,"Llewellyn",7.6e-05,"boy"
1880,"Ludwig",7.6e-05,"boy"
1880,"Manford",7.6e-05,"boy"
1880,"Maxwell",7.6e-05,"boy"
1880,"Minnie",7.6e-05,"boy"
1880,"Obie",7.6e-05,"boy"
1880,"Octave",7.6e-05,"boy"
1880,"Orrin",7.6e-05,"boy"
1880,"Ossie",7.6e-05,"boy"
1880,"Oswald",7.6e-05,"boy"
1880,"Park",7.6e-05,"boy"
1880,"Parley",7.6e-05,"boy"
1880,"Ramon",7.6e-05,"boy"
1880,"Rice",7.6e-05,"boy"
1880,"Stonewall",7.6e-05,"boy"
1880,"Theo",7.6e-05,"boy"
1880,"Tillman",7.6e-05,"boy"
1880,"Addie",6.8e-05,"boy"
1880,"Aron",6.8e-05,"boy"
1880,"Ashley",6.8e-05,"boy"
1880,"Bernhard",6.8e-05,"boy"
1880,"Bertie",6.8e-05,"boy"
1880,"Berton",6.8e-05,"boy"
1880,"Buster",6.8e-05,"boy"
1880,"Butler",6.8e-05,"boy"
1880,"Carleton",6.8e-05,"boy"
1880,"Carrie",6.8e-05,"boy"
1880,"Clara",6.8e-05,"boy"
1880,"Clarance",6.8e-05,"boy"
1880,"Clare",6.8e-05,"boy"
1880,"Crawford",6.8e-05,"boy"
1880,"Danial",6.8e-05,"boy"
1880,"Dayton",6.8e-05,"boy"
1880,"Dolphus",6.8e-05,"boy"
1880,"Elder",6.8e-05,"boy"
1880,"Ephriam",6.8e-05,"boy"
1880,"Fayette",6.8e-05,"boy"
1880,"Felipe",6.8e-05,"boy"
1880,"Fernando",6.8e-05,"boy"
1880,"Flem",6.8e-05,"boy"
1880,"Florence",6.8e-05,"boy"
1880,"Ford",6.8e-05,"boy"
1880,"Harlan",6.8e-05,"boy"
1880,"Hayes",6.8e-05,"boy"
1880,"Henery",6.8e-05,"boy"
1880,"Hoy",6.8e-05,"boy"
1880,"Huston",6.8e-05,"boy"
1880,"Ida",6.8e-05,"boy"
1880,"Ivory",6.8e-05,"boy"
1880,"Jonah",6.8e-05,"boy"
1880,"Justin",6.8e-05,"boy"
1880,"Lenard",6.8e-05,"boy"
1880,"Leopold",6.8e-05,"boy"
1880,"Lionel",6.8e-05,"boy"
1880,"Manley",6.8e-05,"boy"
1880,"Marquis",6.8e-05,"boy"
1880,"Marshal",6.8e-05,"boy"
1880,"Mart",6.8e-05,"boy"
1880,"Odie",6.8e-05,"boy"
1880,"Olen",6.8e-05,"boy"
1880,"Oral",6.8e-05,"boy"
1880,"Orley",6.8e-05,"boy"
1880,"Otha",6.8e-05,"boy"
1880,"Press",6.8e-05,"boy"
1880,"Price",6.8e-05,"boy"
1880,"Quincy",6.8e-05,"boy"
1880,"Randall",6.8e-05,"boy"
1880,"Rich",6.8e-05,"boy"
1880,"Richmond",6.8e-05,"boy"
1880,"Romeo",6.8e-05,"boy"
1880,"Russel",6.8e-05,"boy"
1880,"Rutherford",6.8e-05,"boy"
1880,"Shade",6.8e-05,"boy"
1880,"Shelby",6.8e-05,"boy"
1880,"Solon",6.8e-05,"boy"
1880,"Thurman",6.8e-05,"boy"
1880,"Tilden",6.8e-05,"boy"
1880,"Troy",6.8e-05,"boy"
1880,"Woodson",6.8e-05,"boy"
1880,"Worth",6.8e-05,"boy"
1880,"Aden",5.9e-05,"boy"
1880,"Alcide",5.9e-05,"boy"
1880,"Alf",5.9e-05,"boy"
1880,"Algie",5.9e-05,"boy"
1880,"Arlie",5.9e-05,"boy"
1880,"Bart",5.9e-05,"boy"
1880,"Bedford",5.9e-05,"boy"
1880,"Benito",5.9e-05,"boy"
1880,"Billy",5.9e-05,"boy"
1880,"Bird",5.9e-05,"boy"
1880,"Birt",5.9e-05,"boy"
1880,"Bruno",5.9e-05,"boy"
1880,"Burley",5.9e-05,"boy"
1880,"Chancy",5.9e-05,"boy"
1880,"Claus",5.9e-05,"boy"
1880,"Cliff",5.9e-05,"boy"
1880,"Clovis",5.9e-05,"boy"
1880,"Connie",5.9e-05,"boy"
1880,"Creed",5.9e-05,"boy"
1880,"Delos",5.9e-05,"boy"
1880,"Duke",5.9e-05,"boy"
1880,"Eber",5.9e-05,"boy"
1880,"Eligah",5.9e-05,"boy"
1880,"Elliot",5.9e-05,"boy"
1880,"Elton",5.9e-05,"boy"
1880,"Emmitt",5.9e-05,"boy"
1880,"Gene",5.9e-05,"boy"
1880,"Golden",5.9e-05,"boy"
1880,"Hal",5.9e-05,"boy"
1880,"Hardin",5.9e-05,"boy"
1880,"Harman",5.9e-05,"boy"
1880,"Hervey",5.9e-05,"boy"
1880,"Hollis",5.9e-05,"boy"
1880,"Ivey",5.9e-05,"boy"
1880,"Jennie",5.9e-05,"boy"
1880,"Len",5.9e-05,"boy"
1880,"Lindsay",5.9e-05,"boy"
1880,"Lonie",5.9e-05,"boy"
1880,"Lyle",5.9e-05,"boy"
1880,"Mac",5.9e-05,"boy"
1880,"Mal",5.9e-05,"boy"
1880,"Math",5.9e-05,"boy"
1880,"Miller",5.9e-05,"boy"
1880,"Orson",5.9e-05,"boy"
1880,"Osborne",5.9e-05,"boy"
1880,"Percival",5.9e-05,"boy"
1880,"Pleas",5.9e-05,"boy"
1880,"Ples",5.9e-05,"boy"
1880,"Rafael",5.9e-05,"boy"
1880,"Raoul",5.9e-05,"boy"
1880,"Roderick",5.9e-05,"boy"
1880,"Rose",5.9e-05,"boy"
1880,"Shelton",5.9e-05,"boy"
1880,"Sid",5.9e-05,"boy"
1880,"Theron",5.9e-05,"boy"
1880,"Tobias",5.9e-05,"boy"
1880,"Toney",5.9e-05,"boy"
1880,"Tyler",5.9e-05,"boy"
1880,"Vance",5.9e-05,"boy"
1880,"Vivian",5.9e-05,"boy"
1880,"Walton",5.9e-05,"boy"
1880,"Watt",5.9e-05,"boy"
1880,"Weaver",5.9e-05,"boy"
1880,"Wilton",5.9e-05,"boy"
1880,"Adolf",5.1e-05,"boy"
1880,"Albin",5.1e-05,"boy"
1880,"Albion",5.1e-05,"boy"
1880,"Allison",5.1e-05,"boy"
1880,"Alpha",5.1e-05,"boy"
1880,"Alpheus",5.1e-05,"boy"
1880,"Anastacio",5.1e-05,"boy"
1880,"Andre",5.1e-05,"boy"
1880,"Annie",5.1e-05,"boy"
1880,"Arlington",5.1e-05,"boy"
1880,"Armand",5.1e-05,"boy"
1880,"Asberry",5.1e-05,"boy"
1880,"Asbury",5.1e-05,"boy"
1880,"Asher",5.1e-05,"boy"
1880,"Augustin",5.1e-05,"boy"
1880,"Auther",5.1e-05,"boy"
1880,"Author",5.1e-05,"boy"
1880,"Ballard",5.1e-05,"boy"
1880,"Blas",5.1e-05,"boy"
1880,"Caesar",5.1e-05,"boy"
1880,"Candido",5.1e-05,"boy"
1880,"Cato",5.1e-05,"boy"
1880,"Clarke",5.1e-05,"boy"
1880,"Clemente",5.1e-05,"boy"
1880,"Colin",5.1e-05,"boy"
1880,"Commodore",5.1e-05,"boy"
1880,"Cora",5.1e-05,"boy"
1880,"Coy",5.1e-05,"boy"
1880,"Cruz",5.1e-05,"boy"
1880,"Curt",5.1e-05,"boy"
1880,"Damon",5.1e-05,"boy"
1880,"Davie",5.1e-05,"boy"
1880,"Delmar",5.1e-05,"boy"
1880,"Dexter",5.1e-05,"boy"
1880,"Dora",5.1e-05,"boy"
1880,"Doss",5.1e-05,"boy"
1880,"Drew",5.1e-05,"boy"
1880,"Edson",5.1e-05,"boy"
1880,"Elam",5.1e-05,"boy"
1880,"Elihu",5.1e-05,"boy"
1880,"Eliza",5.1e-05,"boy"
1880,"Elsie",5.1e-05,"boy"
1880,"Erie",5.1e-05,"boy"
1880,"Ernie",5.1e-05,"boy"
1880,"Ethel",5.1e-05,"boy"
1880,"Ferd",5.1e-05,"boy"
1880,"Friend",5.1e-05,"boy"
1880,"Garry",5.1e-05,"boy"
1880,"Gary",5.1e-05,"boy"
1880,"Grace",5.1e-05,"boy"
1880,"Gustaf",5.1e-05,"boy"
1880,"Hallie",5.1e-05,"boy"
1880,"Hampton",5.1e-05,"boy"
1880,"Harrie",5.1e-05,"boy"
1880,"Hattie",5.1e-05,"boy"
1880,"Hence",5.1e-05,"boy"
1880,"Hillard",5.1e-05,"boy"
1880,"Hollie",5.1e-05,"boy"
1880,"Holmes",5.1e-05,"boy"
1880,"Hope",5.1e-05,"boy"
1880,"Hyman",5.1e-05,"boy"
1880,"Ishmael",5.1e-05,"boy"
1880,"Jarrett",5.1e-05,"boy"
1880,"Jessee",5.1e-05,"boy"
1880,"Joeseph",5.1e-05,"boy"
1880,"Junious",5.1e-05,"boy"
1880,"Kirk",5.1e-05,"boy"
1880,"Levy",5.1e-05,"boy"
1880,"Mervin",5.1e-05,"boy"
1880,"Michel",5.1e-05,"boy"
1880,"Milford",5.1e-05,"boy"
1880,"Mitchel",5.1e-05,"boy"
1880,"Nellie",5.1e-05,"boy"
1880,"Noble",5.1e-05,"boy"
1880,"Obed",5.1e-05,"boy"
1880,"Oda",5.1e-05,"boy"
1880,"Orren",5.1e-05,"boy"
1880,"Ottis",5.1e-05,"boy"
1880,"Rafe",5.1e-05,"boy"
1880,"Redden",5.1e-05,"boy"
1880,"Reese",5.1e-05,"boy"
1880,"Rube",5.1e-05,"boy"
1880,"Ruby",5.1e-05,"boy"
1880,"Rupert",5.1e-05,"boy"
1880,"Salomon",5.1e-05,"boy"
1880,"Sammie",5.1e-05,"boy"
1880,"Sanders",5.1e-05,"boy"
1880,"Soloman",5.1e-05,"boy"
1880,"Stacy",5.1e-05,"boy"
1880,"Stanford",5.1e-05,"boy"
1880,"Stanton",5.1e-05,"boy"
1880,"Thad",5.1e-05,"boy"
1880,"Titus",5.1e-05,"boy"
1880,"Tracy",5.1e-05,"boy"
1880,"Vernie",5.1e-05,"boy"
1880,"Wendell",5.1e-05,"boy"
1880,"Wilhelm",5.1e-05,"boy"
1880,"Willian",5.1e-05,"boy"
1880,"Yee",5.1e-05,"boy"
1880,"Zeke",5.1e-05,"boy"
1880,"Ab",4.2e-05,"boy"
1880,"Abbott",4.2e-05,"boy"
1880,"Agustus",4.2e-05,"boy"
1880,"Albertus",4.2e-05,"boy"
1880,"Almer",4.2e-05,"boy"
1880,"Alphonso",4.2e-05,"boy"
1880,"Alvia",4.2e-05,"boy"
1880,"Artie",4.2e-05,"boy"
1880,"Arvid",4.2e-05,"boy"
1880,"Ashby",4.2e-05,"boy"
1880,"Augusta",4.2e-05,"boy"
1880,"Aurthur",4.2e-05,"boy"
1880,"Babe",4.2e-05,"boy"
1880,"Baldwin",4.2e-05,"boy"
1880,"Barnett",4.2e-05,"boy"
1880,"Bartholomew",4.2e-05,"boy"
1880,"Barton",4.2e-05,"boy"
1880,"Bernie",4.2e-05,"boy"
1880,"Blaine",4.2e-05,"boy"
1880,"Boston",4.2e-05,"boy"
1880,"Brad",4.2e-05,"boy"
1880,"Bradford",4.2e-05,"boy"
1880,"Bradley",4.2e-05,"boy"
1880,"Brooks",4.2e-05,"boy"
1880,"Buck",4.2e-05,"boy"
1880,"Budd",4.2e-05,"boy"
1880,"Ceylon",4.2e-05,"boy"
1880,"Chalmers",4.2e-05,"boy"
1880,"Chesley",4.2e-05,"boy"
1880,"Chin",4.2e-05,"boy"
1880,"Cleo",4.2e-05,"boy"
1880,"Crockett",4.2e-05,"boy"
1880,"Cyril",4.2e-05,"boy"
1880,"Daisy",4.2e-05,"boy"
1880,"Denver",4.2e-05,"boy"
1880,"Dow",4.2e-05,"boy"
1880,"Duff",4.2e-05,"boy"
1880,"Edie",4.2e-05,"boy"
1880,"Edith",4.2e-05,"boy"
1880,"Elick",4.2e-05,"boy"
1880,"Elie",4.2e-05,"boy"
1880,"Eliga",4.2e-05,"boy"
1880,"Eliseo",4.2e-05,"boy"
1880,"Elroy",4.2e-05,"boy"
1880,"Ely",4.2e-05,"boy"
1880,"Ennis",4.2e-05,"boy"
1880,"Enrique",4.2e-05,"boy"
1880,"Erasmus",4.2e-05,"boy"
1880,"Esau",4.2e-05,"boy"
1880,"Everette",4.2e-05,"boy"
1880,"Firman",4.2e-05,"boy"
1880,"Fleming",4.2e-05,"boy"
1880,"Flora",4.2e-05,"boy"
1880,"Gardner",4.2e-05,"boy"
1880,"Gee",4.2e-05,"boy"
1880,"Gorge",4.2e-05,"boy"
1880,"Gottlieb",4.2e-05,"boy"
1880,"Gregorio",4.2e-05,"boy"
1880,"Gregory",4.2e-05,"boy"
1880,"Gustavus",4.2e-05,"boy"
1880,"Halsey",4.2e-05,"boy"
1880,"Handy",4.2e-05,"boy"
1880,"Hardie",4.2e-05,"boy"
1880,"Harl",4.2e-05,"boy"
1880,"Hayden",4.2e-05,"boy"
1880,"Hays",4.2e-05,"boy"
1880,"Hermon",4.2e-05,"boy"
1880,"Hershel",4.2e-05,"boy"
1880,"Holly",4.2e-05,"boy"
1880,"Hosteen",4.2e-05,"boy"
1880,"Hoyt",4.2e-05,"boy"
1880,"Hudson",4.2e-05,"boy"
1880,"Huey",4.2e-05,"boy"
1880,"Humphrey",4.2e-05,"boy"
1880,"Hunt",4.2e-05,"boy"
1880,"Hyrum",4.2e-05,"boy"
1880,"Irven",4.2e-05,"boy"
1880,"Isam",4.2e-05,"boy"
1880,"Ivy",4.2e-05,"boy"
1880,"Jabez",4.2e-05,"boy"
1880,"Jewel",4.2e-05,"boy"
1880,"Jodie",4.2e-05,"boy"
1880,"Judd",4.2e-05,"boy"
1880,"Julious",4.2e-05,"boy"
1880,"Justice",4.2e-05,"boy"
1880,"Katherine",4.2e-05,"boy"
1880,"Kelly",4.2e-05,"boy"
1880,"Kit",4.2e-05,"boy"
1880,"Knute",4.2e-05,"boy"
1880,"Lavern",4.2e-05,"boy"
1880,"Lawyer",4.2e-05,"boy"
1880,"Layton",4.2e-05,"boy"
1881,"John",0.080975,"boy"
1881,"William",0.078712,"boy"
1881,"James",0.050253,"boy"
1881,"George",0.043068,"boy"
1881,"Charles",0.042828,"boy"
1881,"Frank",0.02617,"boy"
1881,"Joseph",0.022679,"boy"
1881,"Henry",0.021599,"boy"
1881,"Thomas",0.021072,"boy"
1881,"Edward",0.020103,"boy"
1881,"Robert",0.019761,"boy"
1881,"Harry",0.018487,"boy"
1881,"Walter",0.015421,"boy"
1881,"Arthur",0.014544,"boy"
1881,"Fred",0.013094,"boy"
1881,"Albert",0.01218,"boy"
1881,"Samuel",0.008486,"boy"
1881,"David",0.006926,"boy"
1881,"Louis",0.006889,"boy"
1881,"Charlie",0.006168,"boy"
1881,"Clarence",0.006168,"boy"
1881,"Richard",0.005919,"boy"
1881,"Joe",0.005901,"boy"
1881,"Andrew",0.00543,"boy"
1881,"Ernest",0.005273,"boy"
1881,"Will",0.005079,"boy"
1881,"Jesse",0.00495,"boy"
1881,"Oscar",0.004894,"boy"
1881,"Daniel",0.004866,"boy"
1881,"Willie",0.004599,"boy"
1881,"Benjamin",0.004442,"boy"
1881,"Sam",0.004442,"boy"
1881,"Alfred",0.004303,"boy"
1881,"Roy",0.004063,"boy"
1881,"Lewis",0.004054,"boy"
1881,"Frederick",0.003998,"boy"
1881,"Peter",0.003952,"boy"
1881,"Elmer",0.003583,"boy"
1881,"Jacob",0.003518,"boy"
1881,"Herbert",0.003407,"boy"
1881,"Carl",0.003315,"boy"
1881,"Howard",0.003315,"boy"
1881,"Tom",0.003223,"boy"
1881,"Lee",0.003158,"boy"
1881,"Ralph",0.003038,"boy"
1881,"Martin",0.00302,"boy"
1881,"Jim",0.002983,"boy"
1881,"Earl",0.0029,"boy"
1881,"Eugene",0.0029,"boy"
1881,"Bert",0.002881,"boy"
1881,"Edgar",0.002881,"boy"
1881,"Herman",0.002807,"boy"
1881,"Claude",0.002789,"boy"
1881,"Michael",0.002761,"boy"
1881,"Paul",0.002687,"boy"
1881,"Ben",0.002669,"boy"
1881,"Ira",0.002641,"boy"
1881,"Harvey",0.002604,"boy"
1929,"Eleanor",0.005068,"girl"
1929,"Beverly",0.005066,"girl"
1929,"Lillian",0.00493,"girl"
1929,"Thelma",0.004737,"girl"
1929,"Lorraine",0.004622,"girl"
1929,"Geraldine",0.004608,"girl"
1929,"Gladys",0.004606,"girl"
1929,"Josephine",0.004574,"girl"
1929,"Ann",0.004473,"girl"
1929,"Donna",0.004434,"girl"
1929,"June",0.004396,"girl"
1929,"Theresa",0.004375,"girl"
1929,"Pauline",0.004345,"girl"
1929,"Edna",0.004255,"girl"
1929,"Rita",0.004118,"girl"
1929,"Marion",0.004002,"girl"
1929,"Grace",0.003946,"girl"
1929,"Bernice",0.003929,"girl"
1929,"Ethel",0.003906,"girl"
1929,"Lucille",0.003887,"girl"
1929,"Audrey",0.003856,"girl"
1929,"Edith",0.00385,"girl"
1929,"Juanita",0.003814,"girl"
1929,"Wanda",0.003798,"girl"
1929,"Jane",0.003762,"girl"
1929,"Carol",0.003694,"girl"
1929,"Hazel",0.003601,"girl"
1929,"Clara",0.003586,"girl"
1929,"Wilma",0.003463,"girl"
1929,"Elaine",0.00333,"girl"
1929,"Sarah",0.003302,"girl"
1929,"Emma",0.003288,"girl"
1929,"Peggy",0.003259,"girl"
1929,"Esther",0.003096,"girl"
1929,"Beatrice",0.003085,"girl"
1929,"Charlotte",0.00305,"girl"
1929,"Delores",0.003045,"girl"
1929,"Marian",0.002975,"girl"
1929,"Willie",0.002869,"girl"
1929,"Carolyn",0.002827,"girl"
1929,"Elsie",0.002792,"girl"
1929,"Billie",0.002757,"girl"
1929,"Rosemary",0.002681,"girl"
1929,"Vivian",0.002677,"girl"
1929,"Janet",0.002633,"girl"
1929,"Katherine",0.002606,"girl"
1929,"Eva",0.002603,"girl"
1929,"Maxine",0.002589,"girl"
1929,"Jacqueline",0.002572,"girl"
1929,"Bonnie",0.00256,"girl"
1929,"Julia",0.002552,"girl"
1929,"Kathleen",0.00254,"girl"
1929,"Laura",0.002537,"girl"
1929,"Anne",0.00249,"girl"
1929,"Jeanne",0.002438,"girl"
1929,"Bertha",0.00242,"girl"
1929,"Agnes",0.002398,"girl"
1929,"Gertrude",0.002353,"girl"
1929,"Ida",0.002314,"girl"
1929,"Ellen",0.002215,"girl"
1929,"Eileen",0.002211,"girl"
1929,"Vera",0.002197,"girl"
1929,"Maria",0.002187,"girl"
1929,"Joanne",0.002157,"girl"
1929,"Ella",0.002137,"girl"
1929,"Lillie",0.002109,"girl"
1929,"Kathryn",0.002107,"girl"
1929,"Arlene",0.002073,"girl"
1929,"Alma",0.002061,"girl"
1929,"Bessie",0.002052,"girl"
1929,"Margie",0.002023,"girl"
1929,"Viola",0.001978,"girl"
1929,"Jessie",0.00195,"girl"
1929,"Violet",0.001915,"girl"
1929,"Sally",0.001914,"girl"
1929,"Nellie",0.001898,"girl"
1929,"Pearl",0.001882,"girl"
1929,"Lucy",0.001842,"girl"
1929,"Myrtle",0.001836,"girl"
1929,"Georgia",0.001835,"girl"
1929,"Patsy",0.001765,"girl"
1929,"Sylvia",0.001761,"girl"
1929,"Ramona",0.00176,"girl"
1929,"Mattie",0.001758,"girl"
1929,"Leona",0.001748,"girl"
1929,"Christine",0.001746,"girl"
1929,"Minnie",0.001723,"girl"
1929,"Anita",0.00171,"girl"
1929,"Roberta",0.001701,"girl"
1929,"Loretta",0.001678,"girl"
1929,"Velma",0.001663,"girl"
1929,"Rosa",0.001633,"girl"
1929,"Geneva",0.001593,"girl"
1929,"Jeanette",0.00159,"girl"
1929,"Mae",0.001523,"girl"
1929,"Sara",0.001512,"girl"
1929,"Claire",0.00147,"girl"
1929,"Harriet",0.001467,"girl"
1929,"Stella",0.001464,"girl"
1929,"Janice",0.00146,"girl"
1929,"Lena",0.001402,"girl"
1929,"Naomi",0.001383,"girl"
1929,"Jo",0.001375,"girl"
1929,"Dora",0.001371,"girl"
1929,"Genevieve",0.001368,"girl"
1929,"Alberta",0.001358,"girl"
1929,"Joann",0.001337,"girl"
1929,"Eunice",0.001333,"girl"
1929,"Bobbie",0.001319,"girl"
1929,"Carrie",0.001307,"girl"
1929,"Mabel",0.001306,"girl"
1929,"Muriel",0.001263,"girl"
1929,"Opal",0.001254,"girl"
1929,"Emily",0.001251,"girl"
1929,"Jennie",0.001223,"girl"
1929,"Cora",0.001198,"girl"
1929,"Rosie",0.001179,"girl"
1929,"Marguerite",0.001176,"girl"
1929,"Verna",0.001158,"girl"
1929,"Hilda",0.001153,"girl"
1929,"Lula",0.00115,"girl"
1929,"Constance",0.001146,"girl"
1929,"Darlene",0.001125,"girl"
1929,"Blanche",0.001103,"girl"
1929,"Beulah",0.001102,"girl"
1929,"Lola",0.001095,"girl"
1929,"Hattie",0.001093,"girl"
1929,"Inez",0.001083,"girl"
1929,"Erma",0.001079,"girl"
1929,"Yvonne",0.001048,"girl"
1929,"Rachel",0.001045,"girl"
1929,"Fannie",0.001034,"girl"
1929,"Laverne",0.001032,"girl"
1929,"Caroline",0.00103,"girl"
1929,"Jeannine",0.001021,"girl"
1929,"Madeline",0.00102,"girl"
1929,"Imogene",0.001018,"girl"
1929,"Rosalie",0.001004,"girl"
1929,"Mamie",0.000994,"girl"
1929,"Joy",0.00098,"girl"
1929,"Ada",0.000976,"girl"
1929,"Flora",0.000968,"girl"
1929,"Lila",0.000954,"girl"
1929,"Rebecca",0.00094,"girl"
1929,"Daisy",0.000935,"girl"
1929,"Faye",0.000934,"girl"
1929,"Miriam",0.000926,"girl"
1929,"Irma",0.000924,"girl"
1929,"Colleen",0.000921,"girl"
1929,"Mable",0.00092,"girl"
1929,"Carmen",0.000919,"girl"
1929,"Marcella",0.000897,"girl"
1929,"Eula",0.000888,"girl"
1929,"Bettie",0.000886,"girl"
1929,"Teresa",0.000881,"girl"
1929,"Nora",0.000881,"girl"
1929,"Eloise",0.000876,"girl"
1929,"Johnnie",0.000856,"girl"
1929,"Iris",0.000845,"girl"
1929,"Nina",0.000838,"girl"
1929,"Sue",0.000817,"girl"
1929,"Susie",0.000807,"girl"
1929,"Charlene",0.000806,"girl"
1929,"Antoinette",0.000805,"girl"
1929,"Jeannette",0.000805,"girl"
1929,"Rosemarie",0.000798,"girl"
1929,"Ernestine",0.000789,"girl"
1929,"Estelle",0.000785,"girl"
1929,"Olga",0.000775,"girl"
1929,"Gwendolyn",0.000769,"girl"
1929,"Regina",0.000767,"girl"
1929,"Bette",0.000762,"girl"
1929,"Susan",0.000758,"girl"
1929,"Della",0.000748,"girl"
1929,"Maggie",0.000747,"girl"
1929,"Lorene",0.000738,"girl"
1929,"Priscilla",0.000727,"girl"
1929,"Sadie",0.000715,"girl"
1929,"Victoria",0.000711,"girl"
1929,"Melba",0.000708,"girl"
1929,"Winifred",0.000705,"girl"
1929,"Diane",0.000688,"girl"
1929,"Angelina",0.000672,"girl"
1929,"Katie",0.000659,"girl"
1929,"Henrietta",0.000658,"girl"
1929,"Lydia",0.000646,"girl"
1929,"Annette",0.000633,"girl"
1929,"Janie",0.000607,"girl"
1929,"Bettye",0.000605,"girl"
1929,"Freda",0.000601,"girl"
1929,"Amelia",0.000595,"girl"
1929,"Jewel",0.000594,"girl"
1929,"Fern",0.000588,"girl"
1929,"Ollie",0.000586,"girl"
1929,"Ina",0.000584,"girl"
1929,"Angela",0.000582,"girl"
1929,"Deloris",0.000582,"girl"
1929,"Essie",0.000582,"girl"
1929,"Isabel",0.000581,"girl"
1929,"Lottie",0.000581,"girl"
1929,"Nettie",0.00058,"girl"
1929,"Connie",0.000574,"girl"
1929,"Therese",0.000574,"girl"
1929,"Judith",0.000571,"girl"
1929,"Nadine",0.000569,"girl"
1929,"Luella",0.000569,"girl"
1929,"Fay",0.000564,"girl"
1929,"Olive",0.000563,"girl"
1929,"Iva",0.000561,"girl"
1929,"Reba",0.000554,"girl"
1929,"Natalie",0.000549,"girl"
1929,"Patty",0.000546,"girl"
1929,"Sophie",0.000546,"girl"
1929,"Lela",0.000544,"girl"
1929,"Ora",0.000544,"girl"
1929,"Sallie",0.000538,"girl"
1929,"Paula",0.000536,"girl"
1929,"Etta",0.000531,"girl"
1929,"Angeline",0.00053,"girl"
1929,"Adeline",0.000529,"girl"
1929,"Dorthy",0.000527,"girl"
1929,"Marianne",0.000522,"girl"
1929,"Suzanne",0.000521,"girl"
1929,"Veronica",0.00052,"girl"
1929,"Pat",0.000516,"girl"
1929,"Marcia",0.000506,"girl"
1929,"Addie",0.000505,"girl"
1929,"Leola",0.000503,"girl"
1929,"Cleo",0.000502,"girl"
1929,"May",5e-04,"girl"
1929,"Dorothea",0.000493,"girl"
1929,"Selma",0.000487,"girl"
1929,"Jewell",0.000486,"girl"
1929,"Cecelia",0.000483,"girl"
1929,"Adele",0.000479,"girl"
1929,"Clarice",0.000474,"girl"
1929,"Lucile",0.000471,"girl"
1929,"Jacquelyn",0.00047,"girl"
1929,"Elva",0.000468,"girl"
1929,"Goldie",0.000467,"girl"
1929,"Mavis",0.000466,"girl"
1929,"Diana",0.000464,"girl"
1929,"Corinne",0.000459,"girl"
1929,"Elinor",0.000455,"girl"
1929,"Ola",0.000451,"girl"
1929,"Effie",0.000445,"girl"
1929,"Estella",0.000445,"girl"
1929,"Elvira",0.000444,"girl"
1929,"Jackie",0.000442,"girl"
1929,"Jimmie",0.000442,"girl"
1929,"Linda",0.000441,"girl"
1929,"Celia",0.00044,"girl"
1929,"Cecilia",0.000434,"girl"
1929,"Mona",0.00043,"girl"
1929,"Carmela",0.000429,"girl"
1929,"Isabelle",0.000428,"girl"
1929,"Willa",0.000428,"girl"
1929,"Myra",0.000424,"girl"
1929,"Nell",0.000424,"girl"
1929,"Cynthia",0.000422,"girl"
1929,"Lizzie",0.000422,"girl"
1929,"Rhoda",0.000417,"girl"
1929,"Bernadine",0.000415,"girl"
1929,"Ila",0.000415,"girl"
1929,"Lenora",0.000415,"girl"
1929,"Annabelle",0.000414,"girl"
1929,"Helene",0.000413,"girl"
1929,"Lee",0.000413,"girl"
1929,"Glenna",0.000412,"girl"
1929,"Alta",0.000411,"girl"
1929,"Frankie",0.00041,"girl"
1929,"Lou",0.00041,"girl"
1929,"Francis",0.00041,"girl"
1929,"Gracie",0.000398,"girl"
1929,"Olivia",0.000395,"girl"
1929,"Arline",0.000393,"girl"
1929,"Robert",0.00038,"girl"
1929,"Lenore",0.000374,"girl"
1929,"Earline",0.000371,"girl"
1929,"Lupe",0.000371,"girl"
1929,"Myrna",0.000369,"girl"
1929,"Rosetta",0.000365,"girl"
1929,"Elnora",0.000359,"girl"
1929,"John",0.000356,"girl"
1929,"Rena",0.000353,"girl"
1929,"Carmella",0.000352,"girl"
1929,"Eugenia",0.000345,"girl"
1929,"James",0.000342,"girl"
1929,"Guadalupe",0.000341,"girl"
1929,"Polly",0.00034,"girl"
1929,"Renee",0.000336,"girl"
1929,"Eleanore",0.000334,"girl"
1929,"Dolly",0.000333,"girl"
1929,"Ruthie",0.000333,"girl"
1929,"Nelda",0.000325,"girl"
1929,"Flossie",0.000324,"girl"
1929,"Nannie",0.000324,"girl"
1929,"Maryann",0.000322,"girl"
1929,"Neva",0.00032,"girl"
1929,"Pearlie",0.000316,"girl"
1929,"Josie",0.000315,"girl"
1929,"Margery",0.000315,"girl"
1929,"Dona",0.000313,"girl"
1929,"Elma",0.000312,"girl"
1929,"Sharon",0.000311,"girl"
1929,"Dixie",0.000308,"girl"
1929,"Aileen",0.000308,"girl"
1929,"Loraine",0.000307,"girl"
1929,"Mollie",0.000307,"girl"
1929,"Virgie",0.000307,"girl"
1929,"Yolanda",0.000302,"girl"
1929,"Aurora",0.000301,"girl"
1929,"Wilda",3e-04,"girl"
1929,"Zelma",3e-04,"girl"
1929,"Margarita",0.000297,"girl"
1929,"Amy",0.000296,"girl"
1929,"Earnestine",0.000296,"girl"
1929,"Eddie",0.000296,"girl"
1929,"Betsy",0.000295,"girl"
1929,"Matilda",0.000295,"girl"
1929,"Cornelia",0.000292,"girl"
1929,"Frieda",0.000292,"girl"
1929,"Lavonne",0.000291,"girl"
1929,"William",0.000291,"girl"
1929,"Dollie",0.00029,"girl"
1929,"Sybil",0.00029,"girl"
1929,"Rosella",0.000289,"girl"
1929,"Tommie",0.000289,"girl"
1929,"Christina",0.000287,"girl"
1929,"Consuelo",0.000287,"girl"
1929,"Sheila",0.000287,"girl"
1929,"Robbie",0.000286,"girl"
1929,"Avis",0.000285,"girl"
1929,"Nola",0.000284,"girl"
1929,"Bernadette",0.000283,"girl"
1929,"Carole",0.000282,"girl"
1929,"Harriett",0.000277,"girl"
1929,"Winnie",0.000277,"girl"
1929,"Molly",0.000276,"girl"
1929,"Corrine",0.000275,"girl"
1929,"Beverley",0.000272,"girl"
1929,"Concetta",0.000271,"girl"
1929,"Claudia",0.00027,"girl"
1929,"Leah",0.000267,"girl"
1929,"Maureen",0.000266,"girl"
1929,"Cecile",0.000264,"girl"
1929,"Lora",0.000264,"girl"
1929,"Alicia",0.000262,"girl"
1929,"Judy",0.000262,"girl"
1929,"Delia",0.000261,"girl"
1929,"Lily",0.00026,"girl"
1929,"Melva",0.000259,"girl"
1929,"Odessa",0.000258,"girl"
1929,"Florine",0.000257,"girl"
1929,"Letha",0.000256,"girl"
1929,"Lorna",0.000256,"girl"
1929,"Earlene",0.000254,"girl"
1929,"Antonia",0.00025,"girl"
1929,"Leila",0.000246,"girl"
1929,"Greta",0.000244,"girl"
1929,"Iona",0.000242,"girl"
1929,"Leatrice",0.000239,"girl"
1929,"Jerry",0.000238,"girl"
1929,"Joanna",0.000237,"girl"
1929,"Aline",0.000235,"girl"
1929,"Millie",0.000235,"girl"
1929,"Maude",0.000234,"girl"
1929,"Bertie",0.000232,"girl"
1929,"Mercedes",0.00023,"girl"
1929,"Reva",0.000229,"girl"
1929,"Beth",0.000226,"girl"
1929,"Charles",0.000224,"girl"
1929,"Corine",0.000224,"girl"
1929,"Georgie",0.000224,"girl"
1929,"Gilda",0.000224,"girl"
1929,"Queen",0.000224,"girl"
1929,"Eliza",0.000223,"girl"
1929,"Bennie",0.000222,"girl"
1929,"Hannah",0.000221,"girl"
1929,"Ophelia",0.00022,"girl"
1929,"Helena",0.000219,"girl"
1929,"Hope",0.000219,"girl"
1929,"Lilly",0.000219,"girl"
1929,"Sandra",0.000219,"girl"
1929,"Ilene",0.000216,"girl"
1929,"Lorena",0.000215,"girl"
1929,"Nona",0.000213,"girl"
1929,"Louella",0.000211,"girl"
1929,"Alyce",0.00021,"girl"
1929,"Evangeline",0.000208,"girl"
1929,"Lessie",0.000208,"girl"
1929,"Doreen",0.000207,"girl"
1929,"Allie",0.000204,"girl"
1929,"Callie",0.000204,"girl"
1929,"Jannie",0.000201,"girl"
1929,"Dorris",2e-04,"girl"
1929,"Johanna",0.000199,"girl"
1929,"Freddie",0.000198,"girl"
1929,"Berniece",0.000197,"girl"
1929,"Delphine",0.000195,"girl"
1929,"Janis",0.000195,"girl"
1929,"Philomena",0.000195,"girl"
1929,"Merle",0.000194,"girl"
1929,"Dawn",0.000193,"girl"
1929,"Jaunita",0.000193,"girl"
1929,"Roslyn",0.000192,"girl"
1929,"Adelaide",0.00019,"girl"
1929,"Hester",0.000189,"girl"
1929,"Esperanza",0.000188,"girl"
1929,"Kay",0.000188,"girl"
1929,"Joe",0.000188,"girl"
1929,"Julie",0.000187,"girl"
1929,"Elouise",0.000186,"girl"
1929,"Dortha",0.000183,"girl"